id,sequence,structure,base_pairs,len,fam
srp_Myco.gall._AE015450,GACGUCAUAACAUUAGAAGUGAAUCGUGUCAGGAUAGAAAUAUAGCAGCACUAAGCAAUAUCUUUUGUGUAUGGCGUCUUUUU,(((((((((.((..(((..(.....((((....(((....)))....))))...)...)..))..))))..))))))).....,"[[1, 78], [2, 77], [3, 76], [4, 75], [5, 74], [6, 73], [7, 72], [8, 69], [9, 68], [11, 67], [12, 66], [15, 63], [16, 62], [17, 59], [20, 55], [26, 51], [27, 50], [28, 49], [29, 48], [34, 43], [35, 42], [36, 41]]",83,srp
srp_Porp.purp._U38804,ACUCGGGAAAUACGUUAUUAAUAGCUUAAACUUGUCAGGACUGGAAAGUAGCAGCAAUUCAGCUUAAUUACAUAAGGUGUUUUCCGGGUUUU,(((((((((((....((.(...((((.....((((....(((....)))....))))...))))..).))....)....))))))))))...,"[[1, 89], [2, 88], [3, 87], [4, 86], [5, 85], [6, 84], [7, 83], [8, 82], [9, 81], [10, 80], [11, 75], [16, 70], [17, 69], [19, 67], [23, 64], [24, 63], [25, 62], [26, 61], [32, 57], [33, 56], [34, 55], [35, 54], [40, 49], [41, 48], [42, 47]]",92,srp
tRNA_tdbR00000321-Saccharomyces_cerevisiae-4932-Pro-UGG,CAGAUAGAAGCCAAAAGGUCAGGCGCUUUCUUUGGGAGAAAGACCUAGUUAGUUCGAGUCUAUCCUAUCUGACCA,(((((((..(((.........))).(((((.......))))).....(.(((.......))).))))))))....,"[[1, 71], [2, 70], [3, 69], [4, 68], [5, 67], [6, 66], [7, 65], [10, 24], [11, 23], [12, 22], [26, 42], [27, 41], [28, 40], [29, 39], [30, 38], [48, 64], [50, 62], [51, 61], [52, 60]]",75,tRNA
tRNA_tdbR00000592-Ascaris_suum-6253-Gln-UG,UAUACUUUAGUUUAGGAAGAAUAUUUAUUUUUGGUGUAAAAGGGUUGUAGUAUAGCCA,((((((...((((.....)))).(((((.......)))))........))))))....,"[[1, 54], [2, 53], [3, 52], [4, 51], [5, 50], [6, 49], [10, 22], [11, 21], [12, 20], [13, 19], [24, 40], [25, 39], [26, 38], [27, 37], [28, 36]]",58,tRNA
srp_Fuso.nucl._AE009951,GCCCUUAGGGGAUAUGAUAUAUUAUUGUCGAACCGUGUCAGAUCUGGAAGGAAGCAGCACUAAGAUUUAUAGUAUAUGCAUGUCUUCCUAGGGGUAUCU,(..((....((..........(....(((.....((((....(((....)))....))))...)))....).............))......))..)..,"[[1, 97], [4, 94], [5, 93], [10, 86], [11, 85], [22, 71], [27, 66], [28, 65], [29, 64], [35, 60], [36, 59], [37, 58], [38, 57], [43, 52], [44, 51], [45, 50]]",99,srp
srp_Para.symb._BX908798,AACCGGGGACCUCAUGGAAUAAAUUAGUUCGAACCAGGUCAGGACAGGAAUGUAGCAGCCUUAAGAAUCAUACUUAUGCCUUGAGAUAAUCUCCGGUUUUUU,(((((((((.((((..(.((((.((.((((.....((((....(((....)))....))))...)))).).).)))).)..))))....)))))))))....,"[[1, 98], [2, 97], [3, 96], [4, 95], [5, 94], [6, 93], [7, 92], [8, 91], [9, 90], [11, 85], [12, 84], [13, 83], [14, 82], [17, 79], [19, 77], [20, 76], [21, 75], [22, 74], [24, 72], [25, 70], [27, 68], [28, 67], [29, 66], [30, 65], [36, 61], [37, 60], [38, 59], [39, 58], [44, 53], [45, 52], [46, 51]]",102,srp
tRNA_tdbR00000590-Ascaris_suum-6253-Glu-UC,GAGAUAUUAGUAUAAAUUUUUUGUAUAUUUCUUUUUCGAAGAAAAGGUUUAUUAUCUUACCA,((((((...((((.........)))).(((((.......)))))........))))))....,"[[1, 58], [2, 57], [3, 56], [4, 55], [5, 54], [6, 53], [10, 26], [11, 25], [12, 24], [13, 23], [28, 44], [29, 43], [30, 42], [31, 41], [32, 40]]",62,tRNA
tRNA_tdbR00000053-Bos_taurus-9913-Glu-NUC,GUUCUUGUAGUUGAAUGACAACGAUGGUUUUUCAUAUCAUUAGUCAUGGUUAGAUUCCAUGUAAGAAUACCA,(((((((..((((.....))))((((((.......))))))...(((((.......))))))))))))....,"[[1, 68], [2, 67], [3, 66], [4, 65], [5, 64], [6, 63], [7, 62], [10, 22], [11, 21], [12, 20], [13, 19], [23, 41], [24, 40], [25, 39], [26, 38], [27, 37], [28, 36], [45, 61], [46, 60], [47, 59], [48, 58], [49, 57]]",72,tRNA
tRNA_tdbR00000549-Tetrahymena_pyriformis-5908-Tyr-QUA,GAGAUGGUGGCUGAGUGGUUAAAGCGGUAGACUGUAAAUCUAUUGGGUAUCCGUCGUCGGUUCGAGUCCGAUCCAUCUCACCA,(((((((..(((..........)))((((((.......))))))...........(((((.......))))))))))))....,"[[1, 79], [2, 78], [3, 77], [4, 76], [5, 75], [6, 74], [7, 73], [10, 25], [11, 24], [12, 23], [26, 44], [27, 43], [28, 42], [29, 41], [30, 40], [31, 39], [56, 72], [57, 71], [58, 70], [59, 69], [60, 68]]",83,tRNA
srp_Gynu.aura._SDB-109565,ACCGGGCUUGGCAACGCUUGCCUAUAACUCAAGUGAGGGUAAGAAAAAGGGUUGGAAUUGAAAGGG,(((((((..(......)..))))....((((..)))))))..........................,"[[1, 40], [2, 39], [3, 38], [4, 23], [5, 22], [6, 21], [7, 20], [10, 17], [28, 37], [29, 36], [30, 35], [31, 34]]",66,srp
srp_Rhod.balt._BX294144,GGCGACCCUUGCGACUGUGAGUCGUGAACCUGGUCAGGCCUUAACUGGAGCAGCCAUAAGCGGUGUAACUUUGUGUGAGGGUUGCCGCCACCG,((((.(.(((...(..((.((((((.....((((....((......))....))))...))))).).))..).....))))....))))....,"[[1, 89], [2, 88], [3, 87], [4, 86], [6, 81], [8, 80], [9, 79], [10, 78], [14, 72], [17, 69], [18, 68], [20, 66], [21, 64], [22, 63], [23, 62], [24, 61], [25, 60], [31, 56], [32, 55], [33, 54], [34, 53], [39, 48], [40, 47]]",93,srp
tRNA_tdbR00000128-Halocynthia_roretzi-7729-Gly-GCU,AAGGGUGAUUAGGAAUGUUAGAAAGUUGCUAUUUUUUUGAUAUUGAGUUCGAAUCUCGAGGCUCUUGCCA,((((((....(.(..).)..(((((.......))))).....(((((.......))))).))))))....,"[[1, 66], [2, 65], [3, 64], [4, 63], [5, 62], [6, 61], [11, 18], [13, 16], [21, 37], [22, 36], [23, 35], [24, 34], [25, 33], [43, 59], [44, 58], [45, 57], [46, 56], [47, 55]]",70,tRNA
tRNA_tdbR00000440-Neurospora_crassa-5141-Thr-UGU,GCCUGGUUAGCAUAAAAGUAAUGCAAUUGUUUUGUAAUCAAUAGAAGCAAGUGCGAUACUUGCACUGGGCUCCA,(((((((..((((.......)))).((((.........))))....(((((.......))))))))))))....,"[[1, 70], [2, 69], [3, 68], [4, 67], [5, 66], [6, 65], [7, 64], [10, 24], [11, 23], [12, 22], [13, 21], [26, 42], [27, 41], [28, 40], [29, 39], [47, 63], [48, 62], [49, 61], [50, 60], [51, 59]]",74,tRNA
tRNA_tdbR00000020-Escherichia_coli-562-Cys-GCA,GGCGCGUUAACAAAGCGGUUAUGUAGCGGAUUGCAAAUCCGUCUAGUCCGGUUCGACUCCGGAACGCGCCUCCA,(((((((..(((.........))).(((((.......)))))....(((((.......))))))))))))....,"[[1, 70], [2, 69], [3, 68], [4, 67], [5, 66], [6, 65], [7, 64], [10, 24], [11, 23], [12, 22], [26, 42], [27, 41], [28, 40], [29, 39], [30, 38], [47, 63], [48, 62], [49, 61], [50, 60], [51, 59]]",74,tRNA
tRNA_tdbR00000143-Asterias_amurensis-7602-His-QUG,GACUAAAGUAGUUUAAAUAAAACCCUAAUUUGUGGUAUUAAAAUUAUCAGUUAAAAUCUGAUCUAUAGUCCCA,.((((.((..((((.....))))..((((.......)))).....(((((.......))))))).))))....,"[[2, 69], [3, 68], [4, 67], [5, 66], [7, 64], [8, 63], [11, 23], [12, 22], [13, 21], [14, 20], [26, 40], [27, 39], [28, 38], [29, 37], [46, 62], [47, 61], [48, 60], [49, 59], [50, 58]]",73,tRNA
srp_Schi.pomb._AU010514,AAACAAUGCACAUCACUACCGGGUCUUGGGCAGUGCGAUAGCGAUGGGAUUCACCUUCGCAGGAUGUGCAUGGAAGUAUAAACACAACGGUCGUU,...............................................................................................,[],95,srp
srp_Toxo.gond._CO743022,GGUGAGCGUAACGUCUCGCUGUCACCUGAGUGGGGGUCGUCCGUUGGUGGCAGGAGAAUCGCGCUU,(((.((((..(..)..))))....((((..)))).)))............................,"[[1, 38], [2, 37], [3, 36], [5, 20], [6, 19], [7, 18], [8, 17], [11, 14], [25, 34], [26, 33], [27, 32], [28, 31]]",66,srp
tRNA_tdbR00000127-Halocynthia_roretzi-7729-Gly-UCU,GCUGUGUUAGUAUAAAGUAAUAUAUGUGAUUUCUAAUCAUGGGAUCCUUUAGGGACGUAGUACCA,(((((((..((((......)))).(((((.......)))))...((((..)))))))))))....,"[[1, 61], [2, 60], [3, 59], [4, 58], [5, 57], [6, 56], [7, 55], [10, 23], [11, 22], [12, 21], [13, 20], [25, 41], [26, 40], [27, 39], [28, 38], [29, 37], [45, 54], [46, 53], [47, 52], [48, 51]]",65,tRNA
tRNA_tdbR00000336-Aedes_albopictus-7160-Gln-NUG,UAUAUUUUAGUGUAUGAUGCACAAAAGUUUUUGAAACUUUUAGAAAUAGUUUAAUUCUAUUAAAUAUAACCA,(((((((..((((.....))))((((((.......))))))...(((((.......))))))))))))....,"[[1, 68], [2, 67], [3, 66], [4, 65], [5, 64], [6, 63], [7, 62], [10, 22], [11, 21], [12, 20], [13, 19], [23, 41], [24, 40], [25, 39], [26, 38], [27, 37], [28, 36], [45, 61], [46, 60], [47, 59], [48, 58], [49, 57]]",72,tRNA
tRNA_tdbR00000384-Mycoplasma_capricolum-2095-Ser-GCU,GGGUUAAUACUCAAGUUGGUGAAGAGGACACCCUGCUAAGGUGUUAGGUCGGUCUCCGGCGCGAGGGUUCGAGUCCCUCUUAACCCGCCA,(((((((..(((...........)))((((((.......)))))).................(((((.......))))))))))))....,"[[1, 86], [2, 85], [3, 84], [4, 83], [5, 82], [6, 81], [7, 80], [10, 26], [11, 25], [12, 24], [27, 45], [28, 44], [29, 43], [30, 42], [31, 41], [32, 40], [63, 79], [64, 78], [65, 77], [66, 76], [67, 75]]",90,tRNA
srp_Vibr.para._BA000031,UUCCAGCAUACAGCAAUAUUUUUAUUAGUAAAUUCGAUCAGGUCCGACAGGAAGCAAUCGUAGCUACAAAAAGUAUGUGUAUAGUAUGCUGGAAAAUU,((((((((((.(..(.(((((((..((((.....((((....(((....)))....))))..))))..))))))))...).)...)))))))))....,"[[1, 94], [2, 93], [3, 92], [4, 91], [5, 90], [6, 89], [7, 88], [8, 87], [9, 86], [10, 82], [12, 80], [15, 76], [17, 75], [18, 74], [19, 73], [20, 72], [21, 71], [22, 70], [23, 69], [26, 66], [27, 65], [28, 64], [29, 63], [35, 60], [36, 59], [37, 58], [38, 57], [43, 52], [44, 51], [45, 50]]",98,srp
tRNA_tdbR00000052-Aedes_albopictus-7160-Glu-NUC,AUUUAUAUAGUUUAAAUAAAACAUUACAUUUUCACUGUAAAAAUAAAAAUUUAUUUUUUAUAAAUACCA,(((((((..((((.....)))).(((((.......)))))....((((......)))))))))))....,"[[1, 65], [2, 64], [3, 63], [4, 62], [5, 61], [6, 60], [7, 59], [10, 22], [11, 21], [12, 20], [13, 19], [24, 40], [25, 39], [26, 38], [27, 37], [28, 36], [45, 58], [46, 57], [47, 56], [48, 55]]",69,tRNA
srp_Yers.pseu._BX936398,UGUUAGUACUCUAUAAUACUGUAAUUCUUAAGAAUUUGGUCAGGAUUGGAAAAUAGCAGCCAUAUUAAGACAGUACAGGUAUUACGAAUAUUACUAACAGAGA,((((((((.(.(.(..(.(((((.((.(.((.....((((....(((....)))....))))..))).))...))))))......).).).))))))))....,"[[1, 99], [2, 98], [3, 97], [4, 96], [5, 95], [6, 94], [7, 93], [8, 92], [10, 90], [12, 88], [14, 86], [17, 79], [19, 78], [20, 77], [21, 76], [22, 75], [23, 74], [25, 70], [26, 69], [28, 67], [30, 66], [31, 65], [37, 62], [38, 61], [39, 60], [40, 59], [45, 54], [46, 53], [47, 52]]",103,srp
srp_Phyt.infe._CV911012,GGAAAGGUAUACCGCCCCAGGCUGGUAAACAGAGCAGGGAAAAGCCCUCGCUCUUGGUAGUGGGAGGAUCUCGUAUCAGAAUUCUGAUGUG,...(.(((......(((....(((.....)))....)))....))).)...........................................,"[[4, 48], [6, 46], [7, 45], [8, 44], [15, 39], [16, 38], [17, 37], [22, 32], [23, 31], [24, 30]]",91,srp
srp_Guil.thet._AF041468,GCCCAUUAUUAUGUGAAAAAUAUCUCUUAACAUGUCAGGACAUAAAUGUAGCAGCAUAAAGAAAUUUAUUUUUUUAGAUAUAAUAAAUGGGCCAACA,(((((((..((((.(((.((.((.(((....((((....(((....)))....))))..))).)))).))).......))))...))))))).....,"[[1, 92], [2, 91], [3, 90], [4, 89], [5, 88], [6, 87], [7, 86], [10, 82], [11, 81], [12, 80], [13, 79], [15, 71], [16, 70], [17, 69], [19, 67], [20, 66], [22, 65], [23, 64], [25, 62], [26, 61], [27, 60], [32, 57], [33, 56], [34, 55], [35, 54], [40, 49], [41, 48], [42, 47]]",97,srp
tRNA_tdbR00000167-Aedes_albopictus-7160-Ile-GAU,AAUGAAUUGCCUGAUAAAAAGGAUUACCUUGAUAGGGUAAAUUAUAAAGAUUUAAUACUUUAUUCAUUACCA,(((((((..(((.......))).(((((.......))))).....((((........)))))))))))....,"[[1, 68], [2, 67], [3, 66], [4, 65], [5, 64], [6, 63], [7, 62], [10, 22], [11, 21], [12, 20], [24, 40], [25, 39], [26, 38], [27, 37], [28, 36], [46, 61], [47, 60], [48, 59], [49, 58]]",72,tRNA
tRNA_tdbR00000399-Aedes_albopictus-7160-Ser-GCU,GAAAUAUGUUGAUCAAGAAAAGCUGCUAACUUUUUCUUUAAUGGUUUAAUUCCAUUAUAUUUCUCCA,(.((.............(((((.......)))))........(...........).....)).)...,"[[1, 64], [3, 62], [4, 61], [18, 34], [19, 33], [20, 32], [21, 31], [22, 30], [43, 55]]",67,tRNA
tRNA_tdbR00000400-Loligo_bleekeri-6617-Ser-7CU,AAAGGUAAUUAGGAAUAAAAUAAAGCUGCUAACUUUAUUUUGAGCAACUCAAAACUGUUCUACCUUUUCCA,(((((((..(..(..)..).(((((.......)))))......(.(...........).))))))))....,"[[1, 67], [2, 66], [3, 65], [4, 64], [5, 63], [6, 62], [7, 61], [10, 19], [13, 16], [21, 37], [22, 36], [23, 35], [24, 34], [25, 33], [44, 60], [46, 58]]",71,tRNA
tRNA_tdbR00000591-Ascaris_suum-6253-Lys-UU,GGGGUGUUAACUUAAGUUUAAAGUGUUAGAUUUUUAAUCUGGAAAUGGGUUGUCACAUCCUGCCA,(((((((..((((.......)))).(((((.......)))))....((....)))))))))....,"[[1, 61], [2, 60], [3, 59], [4, 58], [5, 57], [6, 56], [7, 55], [10, 24], [11, 23], [12, 22], [13, 21], [26, 42], [27, 41], [28, 40], [29, 39], [30, 38], [47, 54], [48, 53]]",65,tRNA
tRNA_tdbR00000460-Aedes_albopictus-7160-Val-UAC,CAAUUUAAAGCUUAAUUAGUAAAGUAUUUCAUUUACAUUGAAAAGAAAUUUGUGCAAAUCAAUUUAAAUUGACCA,(((((((..((((........)))).(((((.......)))))....(.(((.......))).))))))))....,"[[1, 71], [2, 70], [3, 69], [4, 68], [5, 67], [6, 66], [7, 65], [10, 25], [11, 24], [12, 23], [13, 22], [27, 43], [28, 42], [29, 41], [30, 40], [31, 39], [48, 64], [50, 62], [51, 61], [52, 60]]",75,tRNA
tRNA_tdbR00000125-Bos_taurus-9913-Gly-UCC,AUUCUUUUAGUAUUAACUAGUACAGCUGACUUCCAAUCAGCUAGUUUCGGUCUAGUCCGAAAAAGAAUACCA,(((((((..((((......))))((((((.......))))))...(((((......))))))))))))....,"[[1, 68], [2, 67], [3, 66], [4, 65], [5, 64], [6, 63], [7, 62], [10, 23], [11, 22], [12, 21], [13, 20], [24, 42], [25, 41], [26, 40], [27, 39], [28, 38], [29, 37], [46, 61], [47, 60], [48, 59], [49, 58], [50, 57]]",72,tRNA
srp_Cyan.cald._AF022186,GCCUUGAUCUUAGACAAGUAUAUUUUCACGGUAUCAGAAUCGGAAGAUAGCAGUACAGAAAGUAGCUUGUCAUAGUGAUCAAGGUCUAUU,(((((((.....(((((((.((((((....((((....(((....)))....))))..))))))))))))).......))))))).....,"[[1, 85], [2, 84], [3, 83], [4, 82], [5, 81], [6, 80], [7, 79], [13, 71], [14, 70], [15, 69], [16, 68], [17, 67], [18, 66], [19, 65], [21, 64], [22, 63], [23, 62], [24, 61], [25, 60], [26, 59], [31, 56], [32, 55], [33, 54], [34, 53], [39, 48], [40, 47], [41, 46]]",90,srp
tRNA_tdbR00000217-Mycoplasma_capricolum-2095-Leu-AA,CCCCAAGUGGCGGAAUAGGUAGACGCAUUGGACUUAAAAUCCAACGGGCUUAAUAUCCUGUGCCGGUUCAAGUCCGGCCUUGGGGACCA,(((((((..(((...........))).(((((.......))))).................(((((.......))))))))))))....,"[[1, 85], [2, 84], [3, 83], [4, 82], [5, 81], [6, 80], [7, 79], [10, 26], [11, 25], [12, 24], [28, 44], [29, 43], [30, 42], [31, 41], [32, 40], [62, 78], [63, 77], [64, 76], [65, 75], [66, 74]]",89,tRNA
srp_Myco.spec._CP000580,CUCCACCAGUCCGCUAGCGACCCUGCGGAAACGCGUCAGGGCCGGAAGGCAGCAGCGCACCGCCGGGUCGCUAGGUGGACAGCCUGCAGAUGUGGCGGAAUUGG,((.(..(.(((((((...(..(((((((....((((....(((....)))....)))).))).))))...)..))))))).)...).))...............,"[[1, 89], [2, 88], [4, 86], [7, 82], [9, 80], [10, 79], [11, 78], [12, 77], [13, 76], [14, 75], [15, 74], [19, 71], [22, 67], [23, 66], [24, 65], [25, 64], [26, 62], [27, 61], [28, 60], [33, 58], [34, 57], [35, 56], [36, 55], [41, 50], [42, 49], [43, 48]]",104,srp
tRNA_tdbR00000517-Neurospora_crassa-5141-Ini-CAU,UGCGGAUUAUUGUAAUAGUAACAUAUUUGGCUCAUGUCCGAAUGACAUAGGUGCAAAUCCUGUAUCCGCAUCCA,(((((((...(((.......))).((((((.......))))))...(((((.......))))))))))))....,"[[1, 70], [2, 69], [3, 68], [4, 67], [5, 66], [6, 65], [7, 64], [11, 23], [12, 22], [13, 21], [25, 43], [26, 42], [27, 41], [28, 40], [29, 39], [30, 38], [47, 63], [48, 62], [49, 61], [50, 60], [51, 59]]",74,tRNA
tRNA_tdbR00000235-Neurospora_crassa-5141-Leu-NAA,AUCCGAGUGAUGGAAUGGUAGACAUAACAUGCUUAAAACAUGUGGGCUUCAAGCUGUGAAGGUUCAAGUCCUUCUUCGGAUACCA,(((((((..(((..........))).(((((.......)))))..............(((((.......))))))))))))....,"[[1, 81], [2, 80], [3, 79], [4, 78], [5, 77], [6, 76], [7, 75], [10, 25], [11, 24], [12, 23], [27, 43], [28, 42], [29, 41], [30, 40], [31, 39], [58, 74], [59, 73], [60, 72], [61, 71], [62, 70]]",85,tRNA
srp_Dich.nodo._CP000513,GGGAUGUUAUCAAAUUAUUCAUAAUAAUUUUUAAAAAAUCGGUCAGAUCUGGAAAGAAGCAGCCGUAAUAAAAACUACGAUGGGUAUUUUUGUUUAGCAUCCCGAUA,.........(...(....((((..((.((((((......((((....(((....)))....))))...)))))).))..))))...........)...........),"[[10, 107], [14, 95], [19, 83], [20, 82], [21, 81], [22, 80], [25, 77], [26, 76], [28, 74], [29, 73], [30, 72], [31, 71], [32, 70], [33, 69], [40, 65], [41, 64], [42, 63], [43, 62], [48, 57], [49, 56], [50, 55]]",107,srp
srp_Camp.jeju._CP000768,GGUAGCUAGGUCUAUGCAACAGAGAAUCACGAACUCCGCCAGGCCUGGAAGGGAGCAACGGUAGUGACACUCUCUGUGUGCGUAGGUUGCCUAGCUACCAUUU,((((((((((.(.((...(((((((.((((.....(((.....(((....))).....)))..))))...)))))))........)).)))))))))))....,"[[1, 99], [2, 98], [3, 97], [4, 96], [5, 95], [6, 94], [7, 93], [8, 92], [9, 91], [10, 90], [12, 89], [14, 87], [15, 86], [19, 77], [20, 76], [21, 75], [22, 74], [23, 73], [24, 72], [25, 71], [27, 67], [28, 66], [29, 65], [30, 64], [36, 61], [37, 60], [38, 59], [44, 53], [45, 52], [46, 51]]",103,srp
tRNA_tdbR00000395-Saccharomyces_cerevisiae-4932-Ser-GCU,GGAAAAUUAACUAUAGGUAAAGUGGAUUAUUUGCUAAGUAAUUGAAUUGUAAAUUCUUAUGAGUUCGAAUCUCAUAUUUUCCGCCA,(((((((..(((........))).((((((.......))))))...............(((((.......))))))))))))....,"[[1, 82], [2, 81], [3, 80], [4, 79], [5, 78], [6, 77], [7, 76], [10, 23], [11, 22], [12, 21], [25, 43], [26, 42], [27, 41], [28, 40], [29, 39], [30, 38], [59, 75], [60, 74], [61, 73], [62, 72], [63, 71]]",86,tRNA
srp_Meso.viri._AF166114,GCCCAUAGAGGAGGAUCUUCAACGUUUUGAAGAUGUGUCAGGACUGAAAAGAAGCAGCACGCAAAACGCUUCGAAGUCGCCCCCAUUCUAUGGGUGCCGUACC,((((((((((..((...((.((.((.((.....(((((.....((....)).....)))))...)).)))).)).......))..))))))))))........,"[[1, 95], [2, 94], [3, 93], [4, 92], [5, 91], [6, 90], [7, 89], [8, 88], [9, 87], [10, 86], [13, 83], [14, 82], [18, 74], [19, 73], [21, 71], [22, 70], [24, 69], [25, 68], [27, 66], [28, 65], [34, 61], [35, 60], [36, 59], [37, 58], [38, 57], [44, 51], [45, 50]]",103,srp
tRNA_tdbR00000282-Ascaris_suum-6253-Met-AU,AAUAAGAUAGGAUAAGUUGAGUCUGUGAGGUUCAUACCCUCUUGGUGUUUUUCUCUUAUUGCCA,(((((((..((((.......))))(.((((.......)))).)...(.....))))))))....,"[[1, 60], [2, 59], [3, 58], [4, 57], [5, 56], [6, 55], [7, 54], [10, 24], [11, 23], [12, 22], [13, 21], [25, 43], [27, 41], [28, 40], [29, 39], [30, 38], [47, 53]]",64,tRNA
tRNA_tdbR00000328-Enterobacteria_phage_T5-10726-Gln-UUG,UGGGGAUUAGCUUAGCUUGGCCUAAAGCUUCGGCCUUUGAAGUCGAGAUCAUUGGUUCAAAUCCAAUAUCCCCUGCCA,.((((((..((((...........))))((((((.......))))))...(((((.......))))))))))).....,"[[2, 73], [3, 72], [4, 71], [5, 70], [6, 69], [7, 68], [10, 28], [11, 27], [12, 26], [13, 25], [29, 47], [30, 46], [31, 45], [32, 44], [33, 43], [34, 42], [51, 67], [52, 66], [53, 65], [54, 64], [55, 63]]",78,tRNA
tRNA_tdbR00000364-Ascaris_suum-6253-Arg-ACG,GGACGUUAAAUAGAUAAGCUAUGCCUAGUUACGGGCUGGGAAGAGAGUCGUCUUCCA,(((((.(..((((.....)))).(((((.......)))))......).)))))....,"[[1, 53], [2, 52], [3, 51], [4, 50], [5, 49], [7, 47], [10, 22], [11, 21], [12, 20], [13, 19], [24, 40], [25, 39], [26, 38], [27, 37], [28, 36]]",57,tRNA
tRNA_tdbR00000365-Aedes_albopictus-7160-Arg-UCG,AAAUAUGAAGCGAUUUAUUGCAAUUAGUUUCGACCUAAUCUUAGGUGAAAUUCACCCAUAUUUUCCA,(((((((..((((....)))).(((((.......)))))....((((.....)))))))))))....,"[[1, 63], [2, 62], [3, 61], [4, 60], [5, 59], [6, 58], [7, 57], [10, 21], [11, 20], [12, 19], [13, 18], [23, 39], [24, 38], [25, 37], [26, 36], [27, 35], [44, 56], [45, 55], [46, 54], [47, 53]]",67,tRNA
srp_Camp.jeju._CP000538,GGUGGCCGGGUCCCAUACAAUAGCUCUCUUGACGAAUCCCGCUAGGUCCGGAAGGAAGCAACGGCACUCGAGGGACUAUGUGAUAUGGGGUGCUCGGCCACUUUUU,(((((((((((.((.(((.((((.((.(((((......(((.....(((....))).....)))...))))))).))))).....)).)).)))))))))))....,"[[1, 102], [2, 101], [3, 100], [4, 99], [5, 98], [6, 97], [7, 96], [8, 95], [9, 94], [10, 93], [11, 92], [13, 90], [14, 89], [16, 87], [17, 86], [18, 80], [20, 79], [21, 78], [22, 77], [23, 76], [25, 74], [26, 73], [28, 72], [29, 71], [30, 70], [31, 69], [32, 68], [39, 64], [40, 63], [41, 62], [47, 56], [48, 55], [49, 54]]",106,srp
srp_Cyan.mero._AY286123,GCCCGGAUAUGUACUAGCUAUUUAUAUUGCGAGGACUGGAAAGUUGCAGCAAGAAAUAGUCUGAAAGUGCUAAGUCCGGGUUUUU,((((((((((.(.(..((((((....((((....(((....)))....))))..))))))..).).)).....))))))))....,"[[1, 81], [2, 80], [3, 79], [4, 78], [5, 77], [6, 76], [7, 75], [8, 74], [9, 68], [10, 67], [12, 65], [14, 63], [17, 60], [18, 59], [19, 58], [20, 57], [21, 56], [22, 55], [27, 52], [28, 51], [29, 50], [30, 49], [35, 44], [36, 43], [37, 42]]",85,srp
srp_Bdel.bact._BX842656,UGGGCCCCACGCAACGGAAGGUUACGAACUCCGUCAGGUCCGGAAGGAAGCAGCGG,..............................((((....(((....)))....)))),"[[31, 56], [32, 55], [33, 54], [34, 53], [39, 48], [40, 47], [41, 46]]",56,srp
srp_Pich.stip._CP000502,AAUCAGUCUGUUACAUUCUAGCAAUGAGUAGCACCAUCACUGGAGGGAAGCAAUUCAGCACAGUAUGUUACCCGUGGUGGAGGCGAAACGGACGGCAC,.....................(...).((((((.....((((....(((....)))....)))).))))))...........................,"[[22, 26], [28, 71], [29, 70], [30, 69], [31, 68], [32, 67], [33, 66], [39, 64], [40, 63], [41, 62], [42, 61], [47, 56], [48, 55], [49, 54]]",98,srp
tRNA_tdbR00000594-Ascaris_suum-6253-Leu-AA,GUUGUUAUAGCAUAAGAAGUGCAUUUGUUUUAAGCGUAAAAGAUAUGGGACAACUCCA,((((((...((((.....)))).(((((.......)))))........))))))....,"[[1, 54], [2, 53], [3, 52], [4, 51], [5, 50], [6, 49], [10, 22], [11, 21], [12, 20], [13, 19], [24, 40], [25, 39], [26, 38], [27, 37], [28, 36]]",58,tRNA
tRNA_tdbR00000078-Ascaris_suum-6253-Phe-GAA,ACUCUGUUAGUUUAUGUUUUAAAAUAUGACUUUGAAGAAGUUGGAAAAUGUUAGGAGUGCCA,(((((....((((........)))).(((((.......)))))....(..)..)))))....,"[[1, 58], [2, 57], [3, 56], [4, 55], [5, 54], [10, 25], [11, 24], [12, 23], [13, 22], [27, 43], [28, 42], [29, 41], [30, 40], [31, 39], [48, 51]]",62,tRNA
tRNA_tdbR00000593-Ascaris_suum-6253-Trp-CA,ACAGAUUUAAGUUAAGUUUAAACUCUUGGUUUUCAAAACCAAAAAUUUUACUCUGUACCA,(((((.(..((((.......)))).(((((.......))))).......).)))))....,"[[1, 56], [2, 55], [3, 54], [4, 53], [5, 52], [7, 50], [10, 24], [11, 23], [12, 22], [13, 21], [26, 42], [27, 41], [28, 40], [29, 39], [30, 38]]",60,tRNA
