id,sequence,structure,base_pairs,len,fam
tRNA_tdbR00000395-Saccharomyces_cerevisiae-4932-Ser-GCU,GGAAAAUUAACUAUAGGUAAAGUGGAUUAUUUGCUAAGUAAUUGAAUUGUAAAUUCUUAUGAGUUCGAAUCUCAUAUUUUCCGCCA,(((((((..(((........))).((((((.......))))))...............(((((.......))))))))))))....,"[[1, 82], [2, 81], [3, 80], [4, 79], [5, 78], [6, 77], [7, 76], [10, 23], [11, 22], [12, 21], [25, 43], [26, 42], [27, 41], [28, 40], [29, 39], [30, 38], [59, 75], [60, 74], [61, 73], [62, 72], [63, 71]]",86,tRNA
srp_Toxo.gond._CO743022,GGUGAGCGUAACGUCUCGCUGUCACCUGAGUGGGGGUCGUCCGUUGGUGGCAGGAGAAUCGCGCUU,(((.((((..(..)..))))....((((..)))).)))............................,"[[1, 38], [2, 37], [3, 36], [5, 20], [6, 19], [7, 18], [8, 17], [11, 14], [25, 34], [26, 33], [27, 32], [28, 31]]",66,srp
tRNA_tdbR00000591-Ascaris_suum-6253-Lys-UU,GGGGUGUUAACUUAAGUUUAAAGUGUUAGAUUUUUAAUCUGGAAAUGGGUUGUCACAUCCUGCCA,(((((((..((((.......)))).(((((.......)))))....((....)))))))))....,"[[1, 61], [2, 60], [3, 59], [4, 58], [5, 57], [6, 56], [7, 55], [10, 24], [11, 23], [12, 22], [13, 21], [26, 42], [27, 41], [28, 40], [29, 39], [30, 38], [47, 54], [48, 53]]",65,tRNA
tRNA_tdbR00000184-Asterias_amurensis-7602-Lys-CUU,CUUUGAUAAGCUUAUAAUGGCAAGCAUUAAACUCUUAAUUUAAAUCAAAGUGAUCUCACCACACUAUCAAAGACCA,(((((((..((((........)))).(((((.......))))).....((((.........)))))))))))....,"[[1, 72], [2, 71], [3, 70], [4, 69], [5, 68], [6, 67], [7, 66], [10, 25], [11, 24], [12, 23], [13, 22], [27, 43], [28, 42], [29, 41], [30, 40], [31, 39], [49, 65], [50, 64], [51, 63], [52, 62]]",76,tRNA
srp_Myco.spec._CP000580,CUCCACCAGUCCGCUAGCGACCCUGCGGAAACGCGUCAGGGCCGGAAGGCAGCAGCGCACCGCCGGGUCGCUAGGUGGACAGCCUGCAGAUGUGGCGGAAUUGG,((.(..(.(((((((...(..(((((((....((((....(((....)))....)))).))).))))...)..))))))).)...).))...............,"[[1, 89], [2, 88], [4, 86], [7, 82], [9, 80], [10, 79], [11, 78], [12, 77], [13, 76], [14, 75], [15, 74], [19, 71], [22, 67], [23, 66], [24, 65], [25, 64], [26, 62], [27, 61], [28, 60], [33, 58], [34, 57], [35, 56], [36, 55], [41, 50], [42, 49], [43, 48]]",104,srp
srp_Cyan.cald._AF022186,GCCUUGAUCUUAGACAAGUAUAUUUUCACGGUAUCAGAAUCGGAAGAUAGCAGUACAGAAAGUAGCUUGUCAUAGUGAUCAAGGUCUAUU,(((((((.....(((((((.((((((....((((....(((....)))....))))..))))))))))))).......))))))).....,"[[1, 85], [2, 84], [3, 83], [4, 82], [5, 81], [6, 80], [7, 79], [13, 71], [14, 70], [15, 69], [16, 68], [17, 67], [18, 66], [19, 65], [21, 64], [22, 63], [23, 62], [24, 61], [25, 60], [26, 59], [31, 56], [32, 55], [33, 54], [34, 53], [39, 48], [40, 47], [41, 46]]",90,srp
tRNA_tdbR00000593-Ascaris_suum-6253-Trp-CA,ACAGAUUUAAGUUAAGUUUAAACUCUUGGUUUUCAAAACCAAAAAUUUUACUCUGUACCA,(((((.(..((((.......)))).(((((.......))))).......).)))))....,"[[1, 56], [2, 55], [3, 54], [4, 53], [5, 52], [7, 50], [10, 24], [11, 23], [12, 22], [13, 21], [26, 42], [27, 41], [28, 40], [29, 39], [30, 38]]",60,tRNA
srp_Schi.pomb._AU010514,AAACAAUGCACAUCACUACCGGGUCUUGGGCAGUGCGAUAGCGAUGGGAUUCACCUUCGCAGGAUGUGCAUGGAAGUAUAAACACAACGGUCGUU,...............................................................................................,[],95,srp
tRNA_tdbR00000029-Asterias_amurensis-7602-Asp-QUC,AAGAAACUAGUUAAACUAAUAACACUGGAUUGUCAGACCGGAGUAACUGGUAAACAAUCAGUGUUUCUUGCCA,(((((((..((((......)))).((((.........))))....(((((.......))))))))))))....,"[[1, 69], [2, 68], [3, 67], [4, 66], [5, 65], [6, 64], [7, 63], [10, 23], [11, 22], [12, 21], [13, 20], [25, 41], [26, 40], [27, 39], [28, 38], [46, 62], [47, 61], [48, 60], [49, 59], [50, 58]]",73,tRNA
tRNA_tdbR00000078-Ascaris_suum-6253-Phe-GAA,ACUCUGUUAGUUUAUGUUUUAAAAUAUGACUUUGAAGAAGUUGGAAAAUGUUAGGAGUGCCA,(((((....((((........)))).(((((.......)))))....(..)..)))))....,"[[1, 58], [2, 57], [3, 56], [4, 55], [5, 54], [10, 25], [11, 24], [12, 23], [13, 22], [27, 43], [28, 42], [29, 41], [30, 40], [31, 39], [48, 51]]",62,tRNA
srp_Camp.jeju._CP000768,GGUAGCUAGGUCUAUGCAACAGAGAAUCACGAACUCCGCCAGGCCUGGAAGGGAGCAACGGUAGUGACACUCUCUGUGUGCGUAGGUUGCCUAGCUACCAUUU,((((((((((.(.((...(((((((.((((.....(((.....(((....))).....)))..))))...)))))))........)).)))))))))))....,"[[1, 99], [2, 98], [3, 97], [4, 96], [5, 95], [6, 94], [7, 93], [8, 92], [9, 91], [10, 90], [12, 89], [14, 87], [15, 86], [19, 77], [20, 76], [21, 75], [22, 74], [23, 73], [24, 72], [25, 71], [27, 67], [28, 66], [29, 65], [30, 64], [36, 61], [37, 60], [38, 59], [44, 53], [45, 52], [46, 51]]",103,srp
srp_Gynu.aura._SDB-109565,ACCGGGCUUGGCAACGCUUGCCUAUAACUCAAGUGAGGGUAAGAAAAAGGGUUGGAAUUGAAAGGG,(((((((..(......)..))))....((((..)))))))..........................,"[[1, 40], [2, 39], [3, 38], [4, 23], [5, 22], [6, 21], [7, 20], [10, 17], [28, 37], [29, 36], [30, 35], [31, 34]]",66,srp
tRNA_tdbR00000127-Halocynthia_roretzi-7729-Gly-UCU,GCUGUGUUAGUAUAAAGUAAUAUAUGUGAUUUCUAAUCAUGGGAUCCUUUAGGGACGUAGUACCA,(((((((..((((......)))).(((((.......)))))...((((..)))))))))))....,"[[1, 61], [2, 60], [3, 59], [4, 58], [5, 57], [6, 56], [7, 55], [10, 23], [11, 22], [12, 21], [13, 20], [25, 41], [26, 40], [27, 39], [28, 38], [29, 37], [45, 54], [46, 53], [47, 52], [48, 51]]",65,tRNA
srp_Pich.stip._CP000502,AAUCAGUCUGUUACAUUCUAGCAAUGAGUAGCACCAUCACUGGAGGGAAGCAAUUCAGCACAGUAUGUUACCCGUGGUGGAGGCGAAACGGACGGCAC,.....................(...).((((((.....((((....(((....)))....)))).))))))...........................,"[[22, 26], [28, 71], [29, 70], [30, 69], [31, 68], [32, 67], [33, 66], [39, 64], [40, 63], [41, 62], [42, 61], [47, 56], [48, 55], [49, 54]]",98,srp
tRNA_tdbR00000364-Ascaris_suum-6253-Arg-ACG,GGACGUUAAAUAGAUAAGCUAUGCCUAGUUACGGGCUGGGAAGAGAGUCGUCUUCCA,(((((.(..((((.....)))).(((((.......)))))......).)))))....,"[[1, 53], [2, 52], [3, 51], [4, 50], [5, 49], [7, 47], [10, 22], [11, 21], [12, 20], [13, 19], [24, 40], [25, 39], [26, 38], [27, 37], [28, 36]]",57,tRNA
